CODIGO;FOTO;DESCRIPCION DEL PRODUCTO;ACTIVO;STOCK;
31;N/D;ABRAZADERA METAL 1/2;S;105;
116;N/D;ABRAZADERA METAL 3/4;S;75;
185;N/D;ABRAZADERA METAL TIPO U 3/4;S;800;
1898-2;N/D;ABRAZADERA PRECINTA BL.3.6X200MM (100PZ)(TL31734);S;14;
1780-0;N/D;ABRAZADERA PRECINTA BL.3.6X300MM(100PZ)(TL31772);S;16;
1781-7;N/D;ABRAZADERA PRECINTA BL.7.2X300MM(100PZ)(TL33066);S;17;
1884-5;N/D;ABRAZADERA PRECINTA NEG.3.6X200MM(100PZ)(TL34527);S;15;
222;N/D;ABRAZADERA PRECINTA NEGRA 1.9X150MM;S;9;
1927-9;N/D;ABRAZADERA PRECINTA NEGRA 3,6X300MM (100PZ);S;7;
239;N/D;ABRAZADERA PRECINTA NEGRA 3.6X150MM *100;S;109;
246;N/D;ABRAZADERA PRECINTA NEGRA 4X200MM (50PZ);S;18;
253;N/D;ABRAZADERA PRECINTA NEGRA 5X250MM (100PZ);S;745;
1928-6;N/D;ABRAZADERA PRECINTA NEGRO 7.2X300MM (100PZ);S;18;
284;N/D;ABRIDOR 3 EN 1;S;15;
1876-0;N/D;AC-AURICULAR HECHO;S;45;
1875-3;N/D;AC-CABLE HECHO IOS;S;18;
1874-6;N/D;AC-CABLE HECHO MICRO USB V8;S;43;
1873-9;N/D;AC-CABLE HECHO TYPE C;S;43;
1878-4;N/D;AC-CARGADOR HECHO USB P/ AUTO;S;6;
1877-7;N/D;AC-CARGADOR HECHO USB PARED;S;16;
31-4;N/D;ACEITE 15W40 DIESEL 1L MINERAL;S;2;
34-5;N/D;ACEITE AW100 COMPRESOR A PISTàN 1L;S;2;
35-2;N/D;ACEITE AW150 COMPRESOR A PISTàN 1L;S;2;
36-9;N/D;ACEITE AW32 HIDRAULICO 1L;S;2;
42-0;N/D;ACEITE SAE40 DIESEL ESTACIONARIO 1L;S;2;
43-7;N/D;ACEITE SAE90 HIPOIDE GL4 1L;S;2;
44-4;N/D;ACOPLE P/BATERIA 1000 AMP;S;7;
46-8;N/D;ACOPLE P/BATERIA 2000 AMP;S;5;
47-5;N/D;ACOPLE P/BATERIA 500 AMP;S;7;
53-6;N/D;ADAPTADOR CODO ESTRIA/ESTRIA 0-1/2 (107890);S;102;
1840-1;N/D;ADAPTADOR CODO ESTRIA/ESTRIA 0-3/4 (107910);S;48;
1943-9;N/D;ADAPTADOR CODO ESTRIA/ESTRIA 1-0/0 (107912);S;12;
1841-8;N/D;ADAPTADOR CODO ESTRIA/ROSCA 0-1/2 (107800);S;50;
1842-5;N/D;ADAPTADOR CODO ESTRIA/ROSCA 0-3/4 (107820);S;20;
1944-6;N/D;ADAPTADOR CODO ESTRIA/ROSCA 1-0/0 (107830);S;46;
2037-4;N/D;ADAPTADOR CORTO 25X3/4 C/ROSCA EXTERNA;S;115;
2069-5;N/D;ADAPTADOR METAL P/PORTA FOCO E27XE40;S;23;
58-1;N/D;ADAPTADOR P/MANGUERA UNION 1/2 FAM./TRAM.;S;25;
1843-2;N/D;ADAPTADOR TE ESTRIA/ESTRIA 0-1/2 (109860);S;22;
55-0;N/D;ADAPTADOR TE ESTRIA/ESTRIA 0-3/4 (109870);S;24;
56-7;N/D;ADAPTADOR TE ESTRIA/ROSCA 0-1/2 (109810);S;42;
57-4;N/D;ADAPTADOR TE ESTRIA/ROSCA 0-3/4 (109820);S;62;
1945-3;N/D;ADAPTADOR TE ESTRIA/ROSCA 1-0/0 (109830);S;44;
59-8;N/D;ADAPTADOR UNION ESTRIA/ESTRIA 0-1/2 (110690);S;135;
1839-5;N/D;ADAPTADOR UNION ESTRIA/ESTRIA 0-3/4 (110710);S;147;
1942-2;N/D;ADAPTADOR UNION ESTRIA/ESTRIA 1-0/0 (106460);S;44;
1941-5;N/D;ADAPTADOR UNION ESTRIA/ROSCA 0-1/2 EXT.(106400);S;57;
1940-8;N/D;ADAPTADOR UNION ESTRIA/ROSCA 0-3/4 EXT.(106430);S;48;
54-3;N/D;ADAPTADOR UNION ESTRIA/ROSCA 3/4X1/2 EXT.(106410);S;98;
1866-1;N/D;AG-HERBICIDA GLIFOSATO 48% 1LT. BIOSANITA;S;1;
622-4;N/D;AG-HERBICIDA MATATODO 48% 1LT AGRO RIO;S;4;
679-8;N/D;AG-HORMIGUICIDA GRAN. RESIST. HUMEDAD 500GR DINAGRO;S;;
680-4;N/D;AG-HORMIGUICIDA GRAN. TRADICIONAL 500GR DINAGRO;S;;
1998-9;N/D;AG-HORMIGUICIDA GRANUL. 500GR ISKAMAX (1222);S;30;
1855-5;N/D;AG-HORMIGUICIDA GRANULADO 500GR MIREX(11785);S;25;
1426-7;N/D;AG-RADIK GEL MATA CUCARACHA 10GR;S;19;
1853-1;N/D;AG-RADIK GEL MATA HORMIGA 10GR;S;24;
1434-2;N/D;AG-RATICIDA GRANUL. CEREAIS CITROMAX 25GR;S;106;
1997-2;N/D;AG-RATICIDA GRANUL. RADIK 25GR;S;31;
1809-8;N/D;AGUJA LIMPIA HORNALLA DE COCINA;S;1;
73-4;N/D;ALAMBRE BELGO OVALADO PONEI Z-700;S;;
79-6;N/D;ALAMBRE LISO NEGRO COZIDO N18X1.24MM 1KG;S;1;
85-7;N/D;ALARGUE PROLONGADOR 5MT HECHO;S;13;
1859-3;N/D;ALMA DOBLE METAL 1/2;S;9;
1860-9;N/D;ALMA DOBLE METAL 3/4;S;26;
87-1;N/D;ALMA DOBLE ROSCA 1/2 TIGRE(20151854)*40;S;44;
88-8;N/D;ALMA DOBLE ROSCA 3/4 TIGRE(20151889)*50;S;68;
94-9;N/D;ANILLO DE VEDACION C/GUIA EKOA;S;282;
97-0;N/D;ANTEOJO GARDEX ACRILICO NEGRO;S;7;
98-7;N/D;ANTEOJO GARDEX ACRILICO TRANSPARENTE;S;30;
101-4;N/D;ANTEOJO GARDEX DEPORTIVO NEGRO;S;5;
102-1;N/D;ANTEOJO JAGUAR AMARILLO MONDURA NEGRA;S;57;
100-7;N/D;ANTEOJO JAGUAR BLANCO MONDURA NEGRA;S;19;
99-4;N/D;ANTEOJO LEOPARDO PVC AMARILLO;S;18;
104-5;N/D;ANTEOJO LEOPARDO PVC INCOLOR;S;13;
1800-5;N/D;ANZUELO 1971N 8/0 CARBON STEEL 50PZ;S;2;
105-2;N/D;ANZUELO 4330 1/0 SUPER STROG 100PZ;S;2;
106-9;N/D;ANZUELO 4330 10 SUPER STROG 100PZ;S;4;
2054-1;N/D;ANZUELO 4330 10/0 SUPER STROG 500PZ;S;3;
107-6;N/D;ANZUELO 4330 14 SUPER STROG 100PZ;S;5;
111-3;N/D;ANZUELO 4330 2/0 SUPER STROG 100PZ;S;4;
112-0;N/D;ANZUELO 4330 4 SUPER STROG 100PZ;S;4;
113-7;N/D;ANZUELO 4330 5/0 SUPER STROG 100PZ;S;4;
108-3;N/D;ANZUELO 4330 6 SUPER STROG 100PZ;S;4;
114-4;N/D;ANZUELO 4330 8 SUPER STROG 100PZ;S;3;
1799-2;N/D;ANZUELO 4330-1 SUPER STROG 100PZ;S;2;
1797-8;N/D;ANZUELO MARUSEIGO N14- 100PZ;S;6;
1798-5;N/D;ANZUELO MARUSEIGO N16- 100PZ;S;9;
125-0;N/D;ARANDELA LISA ALG 1/4 ZB (7X17X1.2);S;1076;
2039-8;N/D;ARANDELA LISA ALG 3/16 ZB;S;876;
126-7;N/D;ARANDELA LISA ALG 5/16 ZB (8,2X20.5X1.2);S;792;
2040-4;N/D;ARANDELA PRECION 127B M10;S;830;
127-4;N/D;ARANDELA PRECION 127B M12;S;1390;
2042-8;N/D;ARANDELA PRECION 127B M6;S;1180;
2041-1;N/D;ARANDELA PRECION 127B M8;S;830;
130-4;N/D;ARGAMASSA HIPERMASSA 20KG PERSOLLITE;S;75;
1932-3;N/D;ASPIRADOR PORTATIL P/POLVO 12V (AT7066);S;3;
1854-8;N/D;BALANZA DIGITAL 10KG;S;9;
2022-0;N/D;BALANZA ROMANA 100GR;S;;
1817-3;N/D;BALANZA ROMANA 12KG;S;3;
150-2;N/D;BALANZA ROMANA 25KG;S;31;
1818-0;N/D;BALANZA ROMANA 50KG;S;10;
1834-0;N/D;BALDE 15 LITROS (936);S;18;
1833-3;N/D;BALDE 7LITROS CINZA (937);S;9;
151-9;N/D;BALDE ALBANIL 7 LITROS NEGRO;S;40;
155-7;N/D;BARAJA ESPANOL 8.5X12,30M *12;S;;
1911-8;N/D;BATIDORA 7 VEL. C/BOWEL (15025);S;3;
160-1;N/D;BATTERY ALKALINE 1.55V AG10 10PZ;S;8;
161-8;N/D;BATTERY ALKALINE 1.55V AG13 10PZ;S;6;
162-5;N/D;BATTERY ALKALINE 1.55V AG3 10PZ;S;6;
163-2;N/D;BATTERY CR1216 3V 5PZ;S;15;
164-9;N/D;BATTERY CR1220 3V 5PZ;S;6;
165-6;N/D;BATTERY CR1616 3V 5PZ;S;7;
166-3;N/D;BATTERY CR1620 3V 5PZ;S;5;
167-0;N/D;BATTERY CR1632 3V 5PZ;S;11;
168-7;N/D;BATTERY CR2016 3V 5PZ;S;7;
169-4;N/D;BATTERY CR2025 3V 5PZ;S;7;
170-0;N/D;BATTERY CR2032 3V 5PZ;S;7;
171-7;N/D;BATTERY CR927 3V 5PZ;S;6;
174-8;N/D;BEBEDERO ROSCABLE 5 LT POLLOS BEMAC;S;15;
175-5;N/D;BEBEDERO ROSCABLE 5 LT POLLOS CRISAN;S;16;
173-1;N/D;BEBEDERO ROSCABLE PLASTICO 2LT (415/432);S;21;
177-9;N/D;BINOCULO 10X SP37813;S;2;
180-9;N/D;"BISAGRA REFORZADA ""2""";S;182;
181-6;N/D;"BISAGRA REFORZADA ""3""";S;200;
182-3;N/D;"BISAGRA REFORZADA ""4""";S;136;
183-0;N/D;BISAGRA REFORZADA 1.1/2;S;200;
184-7;N/D;BOMBILLA CROMO C/ANILLO 19CM (539);S;190;
2047-3;N/D;BOMBILLA CROMO LISA 14CM (596)*12;S;341;
185-4;N/D;BOMBILLA CROMO LISA 19CM (531)*12;S;129;
186-1;N/D;BOQUILLA RIEGO FAMASTIL P/MANGUERA;S;122;
187-8;N/D;BOQUILLA RIEGO P/MANGUERA CHINO;S;10;
188-5;N/D;BOQUILLA RIEGO TRAMONTINA P/MANGUERA;S;5;
1790-9;N/D;BOTON N14 4 AGUJEROS COLORES V *50;S;16;
1791-6;N/D;BOTON N18 4 AGUJEROS COLORES V *50;S;32;
1792-3;N/D;BOTON N22 4 AGUJEROS COLORES V *50;S;44;
1901-9;N/D;BOWL PORCELANA 1LT (16663);S;30;
1899-9;N/D;BOWL PORCELANA 500ML (16661);S;56;
1900-2;N/D;BOWL PORCELANA 800ML (16662);S;74;
198-4;N/D;BROCHA P/PINTURA RETANGULAR 14X58CM MAX;S;9;
210-3;N/D;CABLE DE ALIMENTACION *;S;74;
208-0;N/D;CABLE ELECT.CORDON 2X0.75MM*100 BL.IMPACO;S;1107;
212-7;N/D;CABLE MICRO V8+IPHONE+TYPE-C 2A/1M BLANCO;S;51;
239-4;N/D;CABLE TYPE-C 2A/1M;S;19;
1826-5;N/D;CACEROLA 20 LT *;S;5;
1907-1;N/D;CACEROLA 24 (12501);S;5;
2090-9;N/D;CAJA AGRICULA 48L 19214;S;15;
246-2;N/D;CAJA CONEXCION 3X3 NARANJA REDONDO TIGRE(33043147)*12;S;26;
250-9;N/D;CAJA LLAVE 4X2 PLASTICA NARANJA TIGRE(33043570)*24;S;32;
251-6;N/D;CAJA PLAST. P/ HIERRAMIENTA C/ BDJ 36X14,5X21CM;S;;
260-8;N/D;CAJA SUNIDO PORTATIL USB/FM/BLUT.;S;1;
1933-0;N/D;CALIBRADOR A AIRE 25D (TL37809);S;5;
2024-4;N/D;CAMARA P/ MOTO 275X18;S;17;
269-1;N/D;CAMARA P/ MOTO 300X18;S;14;
282-0;N/D;CANDADO 30MM 12PZ*XXXXXXXXXXXXXXXXXXXXXX;S;;
280-6;N/D;CANDADO CABLE BICICLETA TL42205;S;43;
2093-0;N/D;CANDADO EN BLISTER 30MM ECON.;S;30;
2094-7;N/D;CANDADO EN BLISTER 40MM ECON.;S;24;
1819-7;N/D;CANDADO EN BLISTER 50MM ECON.TL43887;S;-6;
1820-3;N/D;CANDADO EN BLISTER 60MM ECON.TL43888;S;-9;
2036-7;N/D;CANDADO EN BLISTER 70MM ECON.TL43889;S;29;
2046-6;N/D;CANDADO EN CAJITA 50MM ECON.TL38766;S;27;
2023-7;N/D;CANDADO EN CARTELADO 20MM ECON.C/12PZ;S;4;
2078-7;N/D;CANDADO EN CARTELADO 25MM ECON.C/12PZ;S;168;
2079-4;N/D;CANDADO EN CARTELADO 30MM ECON.C/12PZ;S;156;
2080-0;N/D;CANDADO EN CARTELADO 40MM ECON.12PZ;S;132;
2081-7;N/D;CANDADO EN CARTELADO 50MM ECON.C/6PZ;S;42;
297-4;N/D;CANILLA PLAST. 3/4 10CM BLANCA;S;127;
2049-7;N/D;CANILLA PLAST. 3/4 15CM BLANCA;S;89;
299-8;N/D;CANILLA PLAST. LAVATORIO 1/2 BLANCA;S;64;
2026-8;N/D;CANILLA PLAST. NEGRA 1/2 C/ADAPTADOR 3/4;S;169;
302-5;N/D;CANILLA PLASTICA 1/2 NEGRA;S;98;
303-2;N/D;CANILLA PLASTICA 3/4 NEGRA;S;107;
306-3;N/D;CANIVETE BROWNING 22CM NF6594;S;1;
321-6;N/D;CAPA P/LLUVIA ADULTO COL. C/BOTON;S;39;
1288-1;N/D;CAPA P/LLUVIA INF. COL. C/BOTON;S;35;
323-0;N/D;CAPA SACO P/LLUVIA;S;28;
336-0;N/D;CARGADOR PD/20W DUAL USB TYPE-C;S;19;
2027-5;N/D;CARGADOR TYPE-C USB 2.1A;S;2;
314-8;N/D;CA¥O CORRUGADO 1/2 NARANJA FLEX. 25MTS;S;4;
315-5;N/D;CA¥O CORRUGADO 1/2 NARANJA FLEX. 25MTS TIGRE;S;19;
317-9;N/D;CA¥O CORRUGADO 3/4 NARANJA FLEX. 25MTS;S;8;
350-6;N/D;CEMENTO FRIO 25 CC *12;S;131;
353-7;N/D;CEPILLO ALAMBRE 64GR;S;54;
354-4;N/D;CEPILLO LAVADERA MADERA;S;177;
1904-0;N/D;CEPILLO LAVADERA PLASTICO;S;25;
356-8;N/D;CERRADURA PARA CAJON MADERA;S;240;
357-5;N/D;CERRADURA PARA MUEBLE GABINETE MADERA;S;24;
358-2;N/D;CHALECO CINTA REFLECTIVA AJUSTABLE;S;29;
359-9;N/D;CHALECO P/MOTOQUERO NARANJA C/VELCO *;S;21;
1294-2;N/D;CHALECO PARA MOTOQUERO C/ZIPER;S;32;
361-2;N/D;CILINDRO PARA CERRADURA;S;5;
365-0;N/D;CINTA AISLANTE 19MMX10MTS TIGRE(1712)*60;S;182;
362-9;N/D;CINTA AISLANTE 19MMX20MTS TIGRE(1713)*40;S;98;
363-6;N/D;CINTA AISLANTE 19MMX5MTS TIGRE(1711)*60;S;162;
371-1;N/D;CINTA ASFALTICA ALUMINIO 10CMX10MTS(5941);S;2;
372-8;N/D;CINTA ASFALTICA ALUMINIO 30CMX10MTS(15815);S;4;
373-5;N/D;CINTA ASFALTICA ALUMINIO 60CMX10MTS(15816);S;1;
1931-6;N/D;CINTA CATRACA 4.5X25MM 4PZ (TL44272);S;1;
374-2;N/D;CINTA CREP 24MM X 50MT TIGRE;S;67;
375-9;N/D;CINTA CREPE 710 12MM X 50MTS SIMPLES;S;9;
376-6;N/D;CINTA CREPE 710 24MM X 50MTS SIMPLES;S;7;
381-0;N/D;CINTA DOBLE FACE ESPUMA 12MMX2MTS(19483);S;32;
383-4;N/D;CINTA DOBLE FACE ESPUMA 19MMX2MTS(19484);S;4;
382-7;N/D;CINTA DOBLE FACE ESPUMA 24MMX2MTS(19485);S;22;
1857-9;N/D;CINTA DOBLE FACE MASSA ACR 12MM X 3MTS NORTON;S;48;
384-1;N/D;CINTA DOBLE FACE MASSA ACR 12MMX2MTS(19129);S;23;
1867-8;N/D;CINTA DOBLE FACE MASSA ACR 24MMX2MTS(19487);S;38;
2115-9;N/D;CINTA METRICA 25MM X 10MTS TL41574;S;;
2117-3;N/D;CINTA METRICA 25MM X 3MTS TL41570;S;;
2116-6;N/D;CINTA METRICA 25MM X 5MTS TL41572;S;;
2029-9;N/D;CINTA METRICA 25MM X 7.5MTS TL41573;S;7;
399-5;N/D;CINTA SCAR ESCRITA FRAGIL 40MTS;S;9;
401-5;N/D;CINTA SCAR FINO 11X50;S;9;
402-2;N/D;CINTA TEFLON 12X10M;S;26;
403-9;N/D;CINTA TEFLON 12X10M VIQUA;S;1;
404-6;N/D;CINTA TEFLON 12X25MT VIQUA;S;56;
405-3;N/D;"CLAVO C/CABEZA 12X12 (1""X15) 1KG MITTAL";S;22;
406-0;N/D;"CLAVO C/CABEZA 15 X21 (2""X13) 1KG GERDAL";S;2;
407-7;N/D;"CLAVO C/CABEZA 15X15 (1.1/4""X13) 1KG GERDAL";S;32;
408-4;N/D;CLAVO C/CABEZA 17X21 (2X11) 1KG GERDAL;S;;
409-1;N/D;"CLAVO C/CABEZA 17X27 (2.1/2""X11) 1KG GERDAL";S;35;
412-1;N/D;"CLAVO C/CABEZA 22X45 (4.1/4""X7) 1KG GERDAL";S;8;
2043-5;N/D;CLAVO GRAMPA 19X11 BELGO*;S;10;
1815-9;N/D;CLAVO GRAMPA 19X11 GERDAL;S;2;
413-8;N/D;CLAVO GRAMPA NACIONAL 19X11;S;14;
2003-9;N/D;"CLAVO NAC.BRAVON C/CAB. 17X21(2"")1KGX10";S;-1;
2004-6;N/D;CLAVO NAC.BRAVON C/CAB.17X27(2-1/2)1KGX10;S;119;
2005-3;N/D;"CLAVO NAC.BRAVON C/CAB.18X21(2"")1KGX10";S;;
2009-1;N/D;CLAVO NAC.BRAVON C/CAB.18X24(2-1/4) 1KGX10;S;;
2006-0;N/D;CLAVO NAC.BRAVON C/CAB.18X27(2-1/2) 1KGX10;S;183;
2007-7;N/D;CLAVO NAC.BRAVON C/CAB.18X30(2-3/4) 1KGX10;S;;
2008-4;N/D;"CLAVO NAC.BRAVON C/CAB.19X33(3"") 1KGX10";S;;
414-5;N/D;CLAVO NACIONAL 12X12 (1);S;40;
415-2;N/D;CLAVO NACIONAL 13X18 (1.1/2);S;9;
416-9;N/D;CLAVO NACIONAL 15X21 (2);S;28;
417-6;N/D;CLAVO NACIONAL 17X21 (2-11);S;24;
418-3;N/D;CLAVO NACIONAL 17X27 (2-1/2);S;17;
1823-4;N/D;CLAVO NACIONAL 18X27;S;21;
419-0;N/D;CLAVO NACIONAL 18X33 (3);S;42;
422-0;N/D;CLAVO P/CHAAPA RETORCIDO LUXEP;S;137;
421-3;N/D;CLAVO P/CHAPA LISO LUXEP;S;102;
1926-2;N/D;COCINA ELECTRICA 1 HORNARIA (4696);S;2;
1905-7;N/D;COCINA ELECTRICA 2 HORNARIA;S;3;
1994-1;N/D;CODO DESAGUE 45§X100MM TIGRE (26211000)*15;S;46;
1681-0;N/D;CODO DESAGUE 45§X40MM BR. TIGRE;S;37;
1682-7;N/D;CODO DESAGUE 45§X50MM BR. TIGRE;S;12;
1995-8;N/D;CODO DESAGUE 90§X100MM BLAN. TIGRE (26241006)*25;S;46;
1679-7;N/D;CODO DESAGUE 90§X50MM BLANCO TIGRE;S;22;
1686-5;N/D;CODO LR SOLD. 90§ C/ROSCA 20MMX1/2 TIGRE (35407782)*30;S;;
1947-7;N/D;CODO LR SOLD. 90§ C/ROSCA 25MMX1/2 TIGRE (35427821)*20;S;29;
1687-2;N/D;CODO LR SOLD. 90§ C/ROSCA 25MMX3/4 TIGRE (35407847)*40;S;11;
1688-9;N/D;CODO LR SOLD. 90§ C/ROSCA 32MMX3/4 TIGRE (35427872)*20;S;95;
1896-8;N/D;CODO REDUT. SOLD. 90§ 25X20MM TIGRE (22166662)*30;S;36;
1948-4;N/D;CODO REDUT. SOLD. 90§ 32X25MM TIGRE (22166760)*15;S;15;
1692-6;N/D;CODO SOLDABLE 90§ 20MM TIGRE (22150200)*50;S;158;
1693-3;N/D;CODO SOLDABLE 90§ 25MM TIGRE (22150251)*50;S;205;
1946-0;N/D;CODO SOLDABLE 90§ 32MM TIGRE (22150324)*25;S;30;
424-4;N/D;CODO SOLDABLE 90§ 40MM TIGRE (22150405)*15;S;5;
1793-0;N/D;CODO SOLDABLE 90§ 50MM TIGRE (22150502)*15;S;44;
425-1;N/D;COLA ALMASUPER 100GR EXTRA FUERTE;S;22;
426-8;N/D;COLA ALMASUPER 20G;S;384;
427-5;N/D;COLA ALMASUPER 50GR EXTRA FUERTE;S;12;
429-9;N/D;COLA CANO PVC 17G PISAFIX/FIRMEX *48/CJ;S;206;
430-5;N/D;COLA CANO PVC 17G TIGRE;S;174;
432-9;N/D;COLA P/SAPATERO 125GR;S;52;
434-3;N/D;COLA P/SAPATERO 250GR;S;21;
435-0;N/D;COLA P/SAPATERO 500GR;S;18;
444-2;N/D;COLADOR PLASTICO 7CM;S;41;
445-9;N/D;COLADOR PLASTICO 9CM SORTIDO COLOR;S;62;
1306-2;N/D;COLGADOR PARA HAMACA (PAR);S;15;
1856-2;N/D;COMEDERO CALLA PLASTICO 30CM;S;3;
457-2;N/D;COMEDERO POLLO BEMAC 3 KG - SIFON;S;19;
458-9;N/D;COMEDERO POLLO CALLA 1.0 MT;S;1;
459-6;N/D;COMEDERO POLLO CALLA 30 CM;S;2;
460-2;N/D;COMEDERO POLLO CALLA 50 CM;S;7;
461-9;N/D;COMEDERO POLLO TUBULAR ZATTI 03 KG;S;7;
462-6;N/D;COMEDERO POLLO TUBULAR ZATTI 05 KG;S;2;
463-3;N/D;COMEDERO POLLO TUBULAR ZATTI 20 KG;S;1;
1596-7;N/D;CONECTOR PLAST. TIRA BORNERA 10MM;S;29;
474-9;N/D;CONEXION FLEXIBLE PLASTICA 40CM;S;11;
475-6;N/D;CONEXION FLEXIBLE PLASTICO 50CM TIGRE;S;13;
487-9;N/D;CONSERVADORA AZUL 12LT;S;;
491-6;N/D;CONSERVADORA NEGRO 28LT;S;;
493-0;N/D;CONSERVADORA ROJO 12LT;S;;
500-5;N/D;CORTA U¥AS CART. 12PZ;S;114;
503-6;N/D;"CUCHARA ALBANIL 6"" LUXEP";S;13;
504-3;N/D;"CUCHARA ALBANIL 8""(TL42286)";S;8;
508-1;N/D;"CUCHILLO CARNECERO MANGO BLANCO 10"" (KC40716)";S;22;
586-9;N/D;"CUCHILLO CARNECERO MANGO BLANCO 8"" (KC40714)";S;24;
507-4;N/D;"CUCHILLO MULTIOSO MANGO NEGRO 7"" KC42116)";S;16;
505-0;N/D;"CUCHILLO MULTIUSO MANGO NEGRO 9"" (KC42118)";S;14;
506-7;N/D;"CUCHILLO STILLO MANGO BLANCO 7"" (KC47563)";S;12;
509-8;N/D;"CUCHILLO STILLO MANGO BLANCO 8"" (KC47564)";S;12;
510-4;N/D;"CUCHILLO STILLO MANGO BLANCO 9"" (KC47565)";S;13;
2070-1;N/D;"CUCHILLO STILLO MANGO NEGRO 7"" (KC49698)";S;22;
2066-4;N/D;DESENCRIPANTE LUBRIF.LUB FAST 300ML/150G;S;24;
512-8;N/D;DESENCRIPANTE LUBRIF.LUB M500 250ML/120G;S;41;
514-2;N/D;DESTORNILLADOR BUSCA POLO ECON. TL43870 *16;S;38;
201-1;N/D;DESTORNILLADOR BUSCA POLO LED TL43872;S;4;
515-9;N/D;DESTORNILLADOR BUSCA POLO LUXEP;S;195;
1784-8;N/D;DESTORNILLADOR CRUZ 4/POLEGADA;S;38;
1785-5;N/D;DESTORNILLADOR PLANO 4/POLEGADA;S;57;
1311-6;N/D;DESTORNILLADOR PUNTA DOBLE;S;10;
522-7;N/D;DETECTOR DE VOLTAGE TL43871;S;7;
1977-4;N/D;DISCO CORTE A€O MG LIGHT 115X1.2X22.23MM;S;1422;
2086-2;N/D;DISCO CORTE A€O MG PROFIC.115X1.2X22.23MM;S;600;
523-4;N/D;DISCO CORTE A€O NORTON PROFIC.115X1.0X22.23MM;S;68;
524-1;N/D;DISCO CORTE A€O NORTON STANDARD 115X1.0X22.23MM;S;294;
525-8;N/D;DISCO CORTE DIAMANTADO SECO 115MM 1.8X22.23 (TL33737);S;36;
526-5;N/D;DISCO CORTE DIAMANTADO TURBO 115MM 1.8X22.23 (TL33736);S;32;
527-2;N/D;DISCO CORTE MASTER 115X3.2X22.2MM;S;5;
1978-1;N/D;DISCO FLAP 115X22MM GRANO 40;S;96;
1979-8;N/D;DISCO FLAP 115X22MM GRANO 60;S;57;
1980-4;N/D;DISCO FLAP 115X22MM GRANO 80;S;131;
1893-7;N/D;DISCO PARA MADERA 24DT 115MM TL34521;S;24;
1825-8;N/D;DISCO PARA MADERA 40DT 115MM TL33770;S;30;
536-4;N/D;DISCO SIERRA CIRC, 110X22.23MM 24 DENTES FASCY;S;1;
542-5;N/D;DUCHA ELEC. FORUSSI STILLO 540W-220V;S;73;
546-3;N/D;ELETROUDO ITARENDY 2.50MM 13A COMUN;S;25;
547-0;N/D;ELETROUDO ITARENDY 3.25MM 13A COMUN;S;34;
550-0;N/D;ENCENDEDOR ISQUERO PORTATIL (HW59141);S;255;
551-7;N/D;ENDUIDO EXTERNO 15KG RESICOLOR;S;4;
552-4;N/D;ENDUIDO INT. 15KG AMANECER;S;5;
553-1;N/D;ENDUIDO INT. 15KG BLASCOR;S;3;
565-4;N/D;ESCUADRO 35CM TL36596;S;7;
567-8;N/D;ESCURRIDOR 30CM YASY;S;;
571-5;N/D;ESPATULA 2-1/2 FAMASTIL 60MM;S;11;
572-2;N/D;ESPATULA 3-0/0 FAMASTIL 80MM;S;9;
573-9;N/D;ESPATULA 4-0/0 FAMASTIL 100MM;S;14;
578-4;N/D;ESTA¥O PARA SOLDAR 1,00MM-120GR.;S;35;
1880-7;N/D;ESTILETE CUTTER 18MM CON RECARGA ECON.;S;24;
581-4;N/D;ESTILETE CUTTER SIMPLES 9MM;S;8;
2055-8;N/D;ESTUFA VENTILADOR LUXEP 200W;S;1;
1858-6;N/D;EXPRIMIDOR DE AJO (10005);S;27;
2032-9;N/D;EXPRIMIDOR DE AJO (10036);S;;
1996-5;N/D;EXPRIMIDOR DE AJO BIG (10019);S;21;
1861-6;N/D;EXPRIMIDOR DE LIMAO (10007);S;11;
585-2;N/D;EXTRACTOR DE AIRE;S;2;
589-0;N/D;FACA 30CM NF6327;S;1;
600-2;N/D;FICHA ADAPTADOR BOB ESPONJA 10A/20A;S;17;
601-9;N/D;FICHA ADAPTADOR MULTIPLE 10A;S;200;
603-3;N/D;FICHA ADAPTADORA NORMA ARGENTINA 2A3 *;S;206;
1779-4;N/D;FICHA ADAPTADORA UNIVERSAL GROS Y FINO NEGRO;S;262;
604-0;N/D;FICHA ADAPTARORA UNIVERSAL DE VIAJEN;S;200;
606-4;N/D;FICHA ENCHUFE HEMBRA 10A;S;66;
607-1;N/D;FICHA ENCHUFE MACHO 10A;S;340;
1959-0;N/D;FICHA HEMBRA TRAMONTINA (57412/952;S;163;
1958-3;N/D;FICHA MACHO TRAMONTINA (57412/901)*120;S;76;
602-6;N/D;FICHA TRIPLE COLORIDO 10/20A;S;220;
1957-6;N/D;FICHA TRIPLE TRAMONTINA 10/20A(57412/920)*48;S;59;
616-3;N/D;FITILLO PLASTICO 12PZ;S;3;
1783-1;N/D;GARRAFA TERMICA EPG127;S;6;
625-5;N/D;GOMA DE EQUIPAJE;S;140;
630-9;N/D;GOMA ELASTICA P/ROPA 8MMX100MTS;S;200;
627-9;N/D;GOMA P/TAPA OLLA DE PRECION 3 Y 4.5LT;S;66;
1325-3;N/D;GOMA P/TAPA OLLA PRECION 5, 7 A 10L;S;21;
628-6;N/D;GOMA P/TAPA OLLA PRECION 5, 7 A 10L;S;43;
629-3;N/D;GOMA PARA CABELLO /AGOGO;S;;
1812-8;N/D;GRAMPA CABLE 10MM KALOP CX 50PZ;S;7;
1813-5;N/D;GRAMPA CABLE 12MM KALOP CX 20PZ;S;5;
1811-1;N/D;GRAMPA CABLE 6MM KALOP CX 50PZ;S;1;
636-1;N/D;GRAMPA CABLE 8MM KALOP CX 100PZ;S;99;
1814-2;N/D;GRAMPA CABLE COAXIAL 6MM KALOP CX 50PZ;S;15;
637-8;N/D;GRAMPA CABLE COAXIAL 8MM KALOP CX 50PZ;S;4;
638-5;N/D;GRAMPA P/PRESILLADORA 106/8MM;S;7;
641-5;N/D;GUANTE ALGODON P/TRABAJO;S;76;
642-2;N/D;GUANTE CORTO CUERO GRIS;S;17;
644-6;N/D;GUANTE ESPORTE SP57701;S;10;
645-3;N/D;GUANTE LARGO CUERO GRIS;S;14;
647-7;N/D;GUANTES GOMA P/TRABAJO;S;291;
657-6;N/D;HILO FERRETERIA N3;S;31;
658-3;N/D;HILO FERRETERIA N4;S;3;
659-0;N/D;HILO FERRETERIA N5;S;31;
660-6;N/D;HILO FERRETERIA N9;S;26;
788-7;N/D;HOJA LIJA AL AGUA A240;S;38;
789-4;N/D;HOJA LIJA AL AGUA A320;S;50;
787-0;N/D;HOJA LIJA AL AGUA A400;S;48;
661-3;N/D;HOJA LIJA AL AGUA T245 GR100 TATU;S;194;
662-0;N/D;HOJA LIJA AL AGUA T245 GR120 TATU;S;200;
663-7;N/D;HOJA LIJA AL AGUA T245 GR150 TATU;S;;
1975-0;N/D;HOJA LIJA DISCO VELCRO 150MM GRANO 120;S;45;
1976-7;N/D;HOJA LIJA DISCO VELCRO 150MM GRANO 600;S;79;
783-2;N/D;HOJA LIJA MASSA/MADERA A100 CARBORUNDUM *50;S;259;
784-9;N/D;HOJA LIJA MASSA/MADERA A120 CARBORUNDUM *50;S;99;
785-6;N/D;HOJA LIJA MASSA/MADERA A150 CARBORUNDUM *50;S;91;
786-3;N/D;HOJA LIJA MASSA/MADERA A180 CARBORUNDUM *50;S;100;
790-0;N/D;HOJA LIJA MASSA/MADERA A60 CARBORUNDUM *50;S;278;
800-6;N/D;HOJA LIJA MASSA/MADERA A80 CARBORUNDUM;S;6;
2050-3;N/D;HOJA LIJA P/HIERRO K296 GRANO 100;S;100;
2051-0;N/D;HOJA LIJA P/HIERRO K296 GRANO 120;S;100;
2052-7;N/D;HOJA LIJA P/HIERRO K296 GRANO 180;S;100;
1966-8;N/D;HOJA LIJA P/HIERRO K296 GRANO 40;S;11;
1967-5;N/D;HOJA LIJA P/HIERRO K296 GRANO 60;S;139;
1968-2;N/D;HOJA LIJA P/HIERRO K296 GRANO 80;S;283;
1972-9;N/D;HOJA LIJA P/MADERA A295 GR50 TATU;S;17;
1973-6;N/D;HOJA LIJA P/MADERA A295 GR60 TATU;S;35;
1974-3;N/D;HOJA LIJA P/MADERA A295 GR80 TATU;S;22;
1971-2;N/D;HOJA LIJA P/ORMIGON A293 GRANO 150;S;130;
1969-9;N/D;HOJA LIJA P/ORMIGON A293 GRANO 50;S;134;
1970-5;N/D;HOJA LIJA P/ORMIGON A293 GRANO 60;S;64;
665-1;N/D;HOJA SIERRA 24DX50 NICHOLSON;S;168;
1782-4;N/D;HOPPIE DE ACERO INOXIDABLE EPG001;S;1;
666-8;N/D;HOPPIE ECOPOWER 650ML;S;1;
669-9;N/D;HOPPIE TERMICA 1900ML C/VASO;S;1;
670-5;N/D;HOPPIE TERMICA 540ML C/VASO;S;18;
674-3;N/D;ILUMINADOR LIGHT GREEN P/PESCA 3.0MMX20M;S;72;
2012-1;N/D;JABON KLIP EN POLVO ALOE VERA 1KGX12;S;14;
2015-2;N/D;JABON KLIP EN POLVO ALOE VERA 500KGX20;S;20;
2011-4;N/D;JABON KLIP EN POLVO ORIGINAL 1KGX12;S;58;
2014-5;N/D;JABON KLIP EN POLVO ORIGINAL 500KGX20;S;50;
2013-8;N/D;JABON KLIP EN POLVO PERF. INTENSO 1GX12;S;40;
2016-9;N/D;JABON KLIP EN POLVO PERF.INTENSO 500GX20;S;59;
684-2;N/D;JABONERA 72x1;S;48;
1983-5;N/D;JARRA CON TAPA 1.5LT (420);S;3;
1989-7;N/D;JARRA CON TAPA 2.7LT (417);S;17;
1887-6;N/D;JARRA CON TAPA 2LT (1033);S;3;
685-9;N/D;JARRA ELECTRICA INOX 1.8LT 1500W;S;25;
686-6;N/D;JARRA ELECTRICA PLAST NEGRO 2.3LTS;S;2;
1915-6;N/D;JOGO ASADERA CUADRADA 4PZ (16567);S;3;
1914-9;N/D;JOGO ASADERA REDONDA 3PZ (13618);S;2;
1916-3;N/D;JOGO CACEROLA COLORIDO 4PZ (14988);S;1;
2056-5;N/D;JOGO CAFE 3PZ (11907);S;5;
1917-0;N/D;JOGO OLLA 3PZ (13545);S;1;
1918-7;N/D;JOGO SARTENE 5PZ (11909);S;1;
1922-4;N/D;JOGO TAZA PORCELANA 8.8X7 (16658);S;46;
2034-3;N/D;JUEGO CERRADURA ELECTRICA P/PORTA HIERRO;S;1;
689-7;N/D;JUEGO CERRADURA PUERTA BANO ALZ-2800/41(LLEVE FIJA);S;6;
690-3;N/D;JUEGO CERRADURA PUERTA EXT. ALZ-2600/41;S;9;
691-0;N/D;JUEGO CERRADURA PUERTA INT. ALZ-2700/41;S;;
709-2;N/D;JUEGO SOPORTE P/CORTINA SIMP. 1.50MT CEREJA;S;14;
1865-4;N/D;KIT ACOPLE P/MANGUERA PABOVI;S;20;
717-7;N/D;KIT AGUJA COSER;S;72;
718-4;N/D;KIT AUTO PLUG TL39753;S;20;
702-3;N/D;KIT LAVADERA TENEDERO C/3PZ;S;69;
720-7;N/D;KIT TERERE AZUL 2L;S;12;
721-4;N/D;KIT TERERE CROMO 2L;S;7;
722-1;N/D;KIT TERERE ROJO 2L;S;8;
723-8;N/D;KIT TERERE ROSA 2L;S;13;
724-5;N/D;KIT TERERE VERDE 2L;S;7;
1810-4;N/D;KIT TORNILLO PARA INODORO *20;S;310;
753-5;N/D;LAMPARA LED ECO EMPALUX 10W;S;230;
754-2;N/D;LAMPARA LED ECO EMPALUX 12W;S;328;
755-9;N/D;LAMPARA LED ECO EMPALUX 15W;S;287;
761-0;N/D;LAMPARA MIXTA LUXEP 500W E40;S;11;
776-4;N/D;LAMPARA TUBO FLORE. LED C/BASE LUXEP 18w BL;S;3;
778-8;N/D;LAMPARA TUBO FLUOR. LED PHILIPS 8w/18w BL.;S;32;
779-5;N/D;LAMPARA TUBO FLUOR. PHILIPS 18w TLD/54 BL.;S;48;
780-1;N/D;LAMPARA TUBO FLUOR. PHILIPS 36w TLD/54 BL.;S;17;
781-8;N/D;LAPIZ CARPINTEIRO;S;794;
1885-2;N/D;LATONA PLAST. CANELADA 750ML;S;;
1906-4;N/D;LATONA PLAST. LISA 1,2LT (16881);S;30;
1886-9;N/D;LATONA PLAST. LISA 2LIT.;S;63;
1835-7;N/D;LATONA PLASTICA 30 LITROS;S;39;
1836-4;N/D;LATONA PLASTICO 15LITROS;S;14;
843-3;N/D;LICUADORA 1.5LT 250W C/TRITURADOR UTILUX;S;2;
782-5;N/D;LICUADORA 1.5LT 300WX220V 4VL LUXEP;S;;
818-1;N/D;"LIMA PLANA P/AZADA 8"" BELLOTA C/MANGO";S;70;
2038-1;N/D;"LIMA PLANA P/AZADA 8"" NICHOLSON S/MANGO";S;21;
2045-9;N/D;"LIMA PLANA P/AZADA 8"" S/MANGO (40558)";S;24;
2092-3;N/D;"LIMA REDONDA P/MOTOSIERRA 4.8"" NICHOLSON";S;24;
811-2;N/D;LIMA REDONDA P/MOTOSIERRA 4.8MM BELLOTA;S;-6;
812-9;N/D;LIMA REDONDA P/MOTOSIERRA 5.5MM BELLOTA;S;;
819-8;N/D;"LIMA TRIANGULAR FINA 4""";S;11;
825-9;N/D;LINEA TRIUNFO 0,30;S;28;
826-6;N/D;LINEA TRIUNFO 0,40;S;16;
1801-2;N/D;LINEA TRIUNFO 0,50;S;16;
827-3;N/D;LINEA TRIUNFO 0,60;S;24;
833-4;N/D;LINTERNA C/ASA RECARGABLE 1W+8W;S;7;
834-1;N/D;LINTERNA DE CHOQUE SP60170;S;1;
1939-2;N/D;LINTERNA LUXEP BLIST. XY-858 5 LED RECARGABLE (12822);S;63;
1938-5;N/D;"LINTERNA LUXEP C/GOMA PILA TIPO AA""(12825)";S;40;
1937-8;N/D;"LINTERNA LUXEP C/GOMA PILA TIPO D""(12823)";S;12;
1936-1;N/D;"LINTERNA LUXEP XJ-191 1 LED PILA TIPO D""(12824)";S;;
841-9;N/D;LINTERNA MULTIFUNCION SP60167;S;1;
846-4;N/D;LLANA LISA METALICA;S;6;
849-5;N/D;LLANA PLASTICA P/TEXTURA 16X80 ATLAS;S;15;
1935-4;N/D;LLAVE ALEN 9PZ (TL33584);S;33;
1038-2;N/D;LLAVE EXTERNO CREMA 1 PICO;S;75;
864-8;N/D;LLAVE MIXTA CON RACHET 12MM;S;4;
865-5;N/D;LLAVE MIXTA CON RACHET 13MM;S;8;
866-2;N/D;LLAVE MIXTA CON RACHET 14MM;S;2;
867-9;N/D;LLAVE MIXTA CON RACHET 17MM;S;2;
868-6;N/D;LLAVE MIXTA CON RACHET 8MM;S;1;
869-3;N/D;LLAVE MIXTA CON RACHT 11MM;S;;
1986-6;N/D;LLAVE PASO PLASTICA 20MM DUKE-TITAN;S;13;
2030-5;N/D;LLAVE PASO PLASTICA 20MM TIGRE;S;22;
902-7;N/D;LLAVE PASO PLASTICA 25MM TIGRE;S;12;
1965-1;N/D;LLAVE PASO PLASTICA 40MM TIGRE *5;S;10;
888-4;N/D;LLAVE TM DIN 1X10A SICA;S;22;
889-1;N/D;LLAVE TM DIN 1X15A SICA;S;9;
890-7;N/D;LLAVE TM DIN 1X20A SICA;S;118;
891-4;N/D;LLAVE TM DIN 1X25A SICA;S;15;
892-1;N/D;LLAVE TM DIN 1X32A SICA;S;;
893-8;N/D;LLAVE TM DIN 1X40A SICA;S;29;
894-5;N/D;LLAVE TM DIN 1X50A SICA;S;19;
896-9;N/D;LLAVE TM DIN 3X20A SICA;S;19;
897-6;N/D;LLAVE TM DIN 3X25A SICA;S;19;
899-0;N/D;LLAVE TM DIN 3X40A SICA;S;19;
1934-7;N/D;LLAVE TORQ 9PZ (TL33583);S;15;
905-8;N/D;"MACHETE 12"" CORNETA";S;9;
906-5;N/D;MACHETE YACARE 62CM TL33734;S;11;
2019-0;N/D;MACHETE YACARE M/DE GOMA BELLOTA 1778NB;S;8;
2020-6;N/D;MACHETE YACARE M/DE MADERA BELLOTA 1778;S;8;
2071-8;N/D;MANGO PARA RODILLO 23CM COMPEL;S;15;
1802-9;N/D;MANGUERA C/ PICO HECHO 10MTS;S;;
1846-3;N/D;MANGUERA C/ PICO HECHO 25MTS;S;-6;
1847-0;N/D;MANGUERA ECONOMICA 1/2 100MT;S;1;
920-1;N/D;MANGUERA PARA INFLADOR;S;32;
923-2;N/D;MARMITA 3PC PLASTICO 22947;S;;
926-3;N/D;MARTILLO 350GR TL39900;S;20;
928-7;N/D;MARTILLO DE GOMA 60MM;S;3;
925-6;N/D;MARTILLO MANGO GOMADO 27CM (TL40099);S;19;
1816-6;N/D;MASCARILLA RESPIR. C/FILTRO PFF2V;S;58;
929-4;N/D;MASCARILLA RESPIR. PFF2-S N95 AZUL;S;121;
934-8;N/D;MECHA ACERO 10MM ECON.;S;28;
935-5;N/D;MECHA ACERO 12MM ECON. TL41653;S;21;
1868-5;N/D;MECHA ACERO 2,50MM IRWIN;S;6;
1960-6;N/D;MECHA ACERO 4MM ECON.;S;13;
1869-2;N/D;MECHA ACERO 4MM IRWIN;S;36;
937-9;N/D;MECHA ACERO 6MM ECON.TL41621;S;10;
936-2;N/D;MECHA ACERO 6MM IRWIN(IW1258);S;15;
2044-2;N/D;MECHA ACERO 8.5MM ECON.;S;30;
939-3;N/D;MECHA ACERO 8MM ECON.;S;13;
938-6;N/D;MECHA ACERO 8MM IRWIN(IW1282);S;14;
942-3;N/D;MECHA CONCRETO 10MM ECON.;S;39;
941-6;N/D;MECHA CONCRETO 10MM IRWIN(IW910);S;21;
945-4;N/D;MECHA CONCRETO 6MM ECON.(TL41599);S;18;
944-7;N/D;MECHA CONCRETO 6MM IRWIN(IW904);S;21;
947-8;N/D;MECHA CONCRETO 8MM ECON.(TL41601);S;22;
946-1;N/D;MECHA CONCRETO 8MM IRWIN(IW910);S;19;
948-5;N/D;MECHA MADERA 10MM ECON.;S;9;
951-5;N/D;MECHA MADERA 6MM ECON.;S;29;
1990-3;N/D;MECHA MADERA 7MM ECON.(TL41593);S;29;
953-9;N/D;MECHA MADERA 8MM ECON.;S;4;
1851-7;N/D;MEMORIA 16GB ECOPOWER;S;24;
2017-6;N/D;MOLINO DE CARNE N10 CHINO;S;2;
2018-3;N/D;MOLINO DE CARNE N12 CHINO;S;4;
966-9;N/D;MOLINO DE CARNE N8 CHINO;S;;
970-6;N/D;NAFTALINA PQ/20GR;S;2;
971-3;N/D;"NIVEL CON IMA 24"" POLEGADA";S;7;
1872-2;N/D;NIVEL CON IMA 30CM;S;6;
975-1;N/D;NIVEL NIVELADOR A LASER;S;6;
976-8;N/D;"NIVEL TORPEDO 9"" TL41706";S;7;
1808-1;N/D;OLLA PRECION 3LT PULIDA (18692);S;3;
1804-3;N/D;OLLA PRECION 4,5LT LILA (18674);S;20;
1806-7;N/D;OLLA PRECION 4,5LT NEGRO (18677);S;9;
1807-4;N/D;OLLA PRECION 4,5LT ROJO (18681);S;13;
1805-0;N/D;OLLA PRECION 4,5LT ROSA (18675);S;7;
1803-6;N/D;OLLA PRECION 4,5LT VERDE (18673);S;7;
978-2;N/D;ORGANIZADOR METAL MULTIUSO 1/A;S;;
1837-1;N/D;PALITA DE MANO P/BASURA PLAST;S;5;
2089-3;N/D;PALITA P/BASURA C/MANGO PLASTICO 835;S;26;
982-9;N/D;PALITA PARA BASURA C/MANGO MADERA;S;-2;
984-3;N/D;PALITERO PLASTICO DE MESA;S;68;
987-4;N/D;PAP. HIG. INSTIT. PREMIO FARD. C/8 ROLLO DE 300MTSX10CM;S;7;
988-1;N/D;PAP. SERVILHETA JAZMIN FARD. C/12 PQT 50 UND DE 20X22,5CM;S;3;
989-8;N/D;PAP. SERVILHETA NINFA FARD. C/20 PQT 80 UND DE 20X22,5CM;S;4;
2107-4;N/D;PAP.HIG.JASMIN CLASICO FARD/12X4ROLLO 30X10CM;S;;
2108-1;N/D;PAP.HIG.JASMIN PREM. NEUTRO FARD/12X4ROLLO 30X10CM;S;;
2110-4;N/D;PAP.HIG.JASMIN PREM. NEUTRO FARD/6X8ROLLO 50X10CM;S;;
2109-8;N/D;PAP.HIG.JASMIN PREM. PERF.FARD/12X4ROLLO 30X10CM;S;;
2106-7;N/D;PAP.HIG.JAZMIN ECO FARD/12X4ROLLO 30X10CM;S;;
2112-8;N/D;PAP.SERVILHETA JAZMIN FARD.C/12X50UND 30X29,5CM;S;;
2111-1;N/D;PAP.TOALHA JAZMIN CLASICO FARD/12X2ROLLO;S;;
1788-6;N/D;PAPEL HIG. DUETTO DOBLE HOJA NEUT 16X4 (16025);S;65;
1999-6;N/D;PAPEL HIG. DUETTO DOBLE HOJA NEUT. 6X12 (16069);S;8;
1789-3;N/D;PAPEL HIG. DUETTO DOBLE HOJA PERF.16X4 (16026);S;27;
2000-8;N/D;PAPEL HIG. DUETTO DOBLE HOJA PERF.6X12 (16068);S;20;
2114-2;N/D;PAPEL HIG. NINFA NATURAL FARD/12X4ROLLO 25X9CM;S;;
2113-5;N/D;PAPEL HIG. NINFA TRADICIONAL FARD/12X4ROLLO 25X9CM;S;;
990-4;N/D;PAPEL HIG. SIRIUS 16PQT X 4RL X 30M (6912);S;63;
991-1;N/D;PAPEL HIG. SIRIUS 16PQT X 4RL X 60M (6914);S;46;
992-8;N/D;PAPEL HIG. SIRIUS 4PQT X 12RL X 60M (6916);S;54;
993-5;N/D;PAPEL HIG. SIRIUS 4PQT X 16RL X 60M (6815);S;18;
994-2;N/D;PAPEL HIG. SIRIUS 8PQT X 8RL X 30M (6913);S;42;
2067-1;N/D;PAPEL HIG. SIRIUS 8PQT X 8RL X 60M (6917);S;35;
995-9;N/D;PAPEL SERVILLETA SIRIUS 23X23CM 24PQT/CJ (6919);S;;
996-6;N/D;PAPEL TOALLA SIRIUS CHEF 20X20 12PQT X 2RL X 50 HOJAS (24811);S;-3;
2087-9;N/D;PAPEL TOALLA SIRIUS CHEF 20X20X4PQTX6RLX50 HOJAS (24811);S;17;
1002-3;N/D;PARCHE P/CAMARA R-01;S;389;
1003-0;N/D;PARCHE P/CAMARA R-02;S;160;
1004-7;N/D;PARCHE P/CAMARA R-03;S;55;
1005-4;N/D;PARCHE P/CUBIERTA VC 01;S;12;
1006-1;N/D;PARCHE P/CUBIERTA VD 02;S;22;
1007-8;N/D;PARCHE P/CUBIERTA VD 03;S;10;
1008-5;N/D;PARCHE P/CUBIERTA VD 04;S;17;
1009-2;N/D;PARCHE P/CUBIERTA VD 05;S;13;
1010-8;N/D;PARCHE P/CUBIERTA VD 06;S;14;
1440-3;N/D;PARCHE REFIL S/CAMARA RUIZ ISEAL TARUGO;S;159;
1011-5;N/D;PASSADOR MARIPOZA 1.1/2 *;S;;
1016-0;N/D;PASTINA BAUTECH NEGRO;S;3;
1017-7;N/D;PEINE DE BOLSILLO COLOR;S;95;
1019-1;N/D;PEINE FINO;S;111;
1020-7;N/D;PELADOR DE PAPAS;S;;
1022-1;N/D;PICO CIEGO BELGE;S;;
1039-9;N/D;PICO LLAVE PUNTO SIMPLES;S;48;
1879-1;N/D;PICO TOMA SIMPLE BLANCO SICA;S;100;
1065-8;N/D;PICO TOMA SIMPLES BLANCO 15A(245573);S;193;
1845-6;N/D;PICO TOMA SIMPLES GREMA 15A;S;74;
2082-4;N/D;PILETA CUBA INOX C/ACCESORIOS 100X50X18;S;7;
1981-1;N/D;PILETA DUPLA INOX C/ACCESORIOS 120X50X10;S;5;
1897-5;N/D;PILLA ALCALINA 23A 12V 5PZ;S;2;
159-5;N/D;PILLA BATTERY 6F22MM 9V (EP29788);S;27;
1071-9;N/D;PILLA MEDIA AAAX4 R03 1.5V SAFARIMAX(EP30600);S;5;
1073-3;N/D;PILLA PALITO AAX4 ALKALINA DURACEL;S;13;
1070-2;N/D;PILLA PALITO AAX4 R6 1.5V SAFARIMAX(EP30599);S;13;
1083-2;N/D;PINCEL TIGRE AZUL 0-1/2;S;10;
1084-9;N/D;PINCEL TIGRE AZUL 0-3/4;S;26;
1085-6;N/D;PINCEL TIGRE AZUL 1-0/0;S;10;
1086-3;N/D;PINCEL TIGRE AZUL 1-1/2;S;28;
1087-0;N/D;PINCEL TIGRE AZUL 2-0/0;S;7;
1088-7;N/D;PINCEL TIGRE AZUL 2-1/2;S;28;
1096-2;N/D;PINTURA ADORNO RUPESTRE 18LT RESICOLOR P/MAS-4321;S;2;
1097-9;N/D;PINTURA ALEGRIA 18LT RESICOLOR P/MAS-0003;S;3;
1099-3;N/D;PINTURA AMARILLO FREVO 3.6LT RESICOLOR P/MAS-0020;S;5;
1100-6;N/D;PINTURA AMARILLO ORO 3.6LT RESICOLOR P/MAS-2959;S;1;
1101-3;N/D;PINTURA AMARILLO TREVO 18LT RESICOLOR P/MAS-0030;S;2;
1104-4;N/D;PINTURA AZUL ARPOADOR 18LT RESICOLOR P/MAS-3009;S;2;
1110-5;N/D;PINTURA AZUL PROFUNDO 3.6LT RESICOLOR P/MAS-2941;S;3;
1112-9;N/D;PINTURA BLANCO 3.6LT RESICOLOR P/MAS-2963;S;1;
1116-7;N/D;PINTURA CAF 18LT RESICOLOR P/MAS-3007;S;3;
1117-4;N/D;PINTURA CAF 3.6LT RESICOLOR P/MAS-2944;S;2;
1118-1;N/D;PINTURA CARDINAL 18LT RESICOLOR P/MAS-3103;S;2;
1129-7;N/D;PINTURA COLORANTE LIQUIDO RESITOK 50ML AMARILLO-9328;S;48;
1130-3;N/D;PINTURA COLORANTE LIQUIDO RESITOK 50ML AZUL-9326;S;40;
1131-0;N/D;PINTURA COLORANTE LIQUIDO RESITOK 50ML NEGRO-9323;S;65;
1132-7;N/D;PINTURA COLORANTE LIQUIDO RESITOK 50ML ROJO-9330;S;7;
1133-4;N/D;PINTURA COLORANTE LIQUIDO RESITOK 50ML VERDE-9325;S;19;
1134-1;N/D;PINTURA COLORANTE LIQUIDO RESITOK 50ML VIOLETA-3355;S;31;
1142-6;N/D;PINTURA COLORANTE POLVO XADREZ AMARILLO 500G;S;15;
1143-3;N/D;PINTURA COLORANTE POLVO XADREZ AZUL 500G;S;2;
1145-7;N/D;PINTURA COLORANTE POLVO XADREZ NEGRO 500G;S;20;
1146-4;N/D;PINTURA COLORANTE POLVO XADREZ ROJO 500G;S;29;
1147-1;N/D;PINTURA COLORANTE POLVO XADREZ VERDE 500G;S;6;
1148-8;N/D;PINTURA CONCRETO 18LT RESICOLOR P/MAS-3036;S;1;
1149-5;N/D;PINTURA CONCRETO 3.6LT RESICOLOR P/MAS-2971;S;2;
1150-1;N/D;PINTURA CROMO SUAVE 18LT RESICOLOR P/MAS-2994;S;2;
1151-8;N/D;PINTURA DURAZNO 3.6LT RESICOLOR P/MAS-2969;S;2;
1155-6;N/D;PINTURA HELO 3.6LT RESICOLOR P/MAS-1949;S;2;
1156-3;N/D;PINTURA LILAS 18LT RESICOLOR P/MAS-001;S;2;
1158-7;N/D;PINTURA MARFIL 18LT RESICOLOR P/MAS-2987;S;3;
1162-4;N/D;PINTURA NARANJA MARACATU 18LT RESICOLOR P/MAS-0015;S;2;
1163-1;N/D;PINTURA NARANJA MARACATU 3.6LT RESICOLOR P/MAS-4322;S;1;
1168-6;N/D;PINTURA PALHA 18LT RESICOLOR P/MAS-2989;S;1;
1169-3;N/D;PINTURA PALHA 3.6LT RESICOLOR P/MAS-2933;S;2;
1170-9;N/D;PINTURA PERLA 18LT RESICOLOR P/MAS-2988;S;2;
1171-6;N/D;PINTURA PESSEGO 18LT RESICOLOR P/MAS-3034;S;2;
1177-8;N/D;PINTURA TERRECOTA 3.6LT RESICOLOR P/MAS-2964;S;2;
1178-5;N/D;PINTURA VERDE BOSQUE 18LT RESICOLOR P/MAS-3008;S;1;
1179-2;N/D;PINTURA VERDE BOSQUE 3.6LT RESICOLOR P/MAS-2950;S;4;
1180-8;N/D;PINTURA VERDE LIMON 18LT RESICOLOR P/MAS-3041;S;1;
1184-6;N/D;"PINZA CORTE DIAGONAL 6"" CH";S;5;
1189-1;N/D;"PINZA DE PRESION 4"" Y 5"" BLISTER 2PC";S;21;
1191-4;N/D;PINZA P/CEJAS COLORIDA;S;21;
1192-1;N/D;PINZA P/CEJAS METAL *12;S;43;
1195-2;N/D;PINZA PARA PELO /PIRANA;S;109;
1197-6;N/D;"PINZA TENAZA 7""";S;203;
1200-3;N/D;"PINZA UNIVERSAL 8"" (TL31091)";S;9;
1202-7;N/D;"PINZA UNIVERSAL 8"" SAFARIMAX";S;8;
1210-2;N/D;PIOLOIN NYLON P/TENDEDERO 15MT;S;18;
1213-3;N/D;PISTOLA SILICONA GR;S;11;
1214-0;N/D;PISTOLA SILICONA PQ;S;26;
1881-4;N/D;PITON ABIERTO GALV. 16CH.144;S;100;
1216-4;N/D;PITON ABIERTO GALV. P/BUJA 6MM;S;318;
1217-1;N/D;PITON ABIERTO GALV. P/BUJA 8MM;S;52;
1215-7;N/D;PITON ABIERTO GALV. PARA BUJA 10MM;S;165;
1220-1;N/D;PITON CERRADO PARA BUJA 10MM;S;;
1219-5;N/D;PITON L GALV. PARA BUJA 8MM;S;-14;
1225-6;N/D;PLACA 2 MODULO;S;100;
1234-8;N/D;PLACA TRES MODULO 12X8 BLANCO;S;19;
1883-8;N/D;PLATO ENLOZADO N.20;S;6;
1237-9;N/D;PLATO P/MASCOTA;S;;
1903-3;N/D;PLATO PORCELA C/DISENO N.9 (16699);S;;
1902-6;N/D;PLATO PORCELA N.9 (16666);S;4;
1890-6;N/D;PLATO PORCELA PLAYO N.9;S;42;
2100-5;N/D;PLOMADA P/PESCA OLIVA NO.02 1KG;S;4;
2101-2;N/D;PLOMADA P/PESCA OLIVA NO.03 1KG;S;4;
2102-9;N/D;PLOMADA P/PESCA REDONDA NO.02 1KG;S;4;
2103-6;N/D;PLOMADA P/PESCA REDONDA NO.03 1KG;S;4;
2104-3;N/D;PLOMADA P/PESCA REDONDA NO.05 1KG;S;3;
2105-0;N/D;PLOMADA P/PESCA REDONDA NO.07 1KG;S;3;
1246-1;N/D;PORTA FOCO BASE DISCO LUXEP;S;;
1247-8;N/D;PORTA FOCO DE CERAMICA;S;200;
1254-6;N/D;PORTA FOCO NEGRA C/CABLE;S;83;
1255-3;N/D;PORTA FOCO SIMPLES BLANCO;S;12;
1852-4;N/D;PORTA FOCO SIMPLES CREMA;S;147;
1253-9;N/D;PORTA FOCO SIMPLES NEGRO;S;38;
1261-4;N/D;PQ-ABRAZ.PRECINTA NEG. 3.6X150MM 50PZ;S;23;
1258-4;N/D;PQ-ABRAZADERA METAL 1/2 2PZ;S;8;
1259-1;N/D;PQ-ABRAZADERA METAL 3/4 2PZ;S;1;
1260-7;N/D;PQ-ABRAZADERA METAL TIPO U 3/4 2PZ;S;45;
1262-1;N/D;PQ-ABRIDOR 3EN1 MULTIFUNCIONAL;S;9;
1263-8;N/D;PQ-ADAPTADOR ACOPLE 1/2 P/MANGUERA;S;13;
1264-5;N/D;PQ-ADAPTADOR LANZARRIEGO FAMASTIL P/MANGUERA;S;5;
1265-2;N/D;PQ-ADAPTADOR LANZARRIEGO TRAMONTINA P/MANGUERA;S;13;
1266-9;N/D;PQ-ADAPTADOR UNION 1/2 P/MANGUERA;S;46;
82-6;N/D;PQ-ALARGUE 5 TOMA 5MTS HECHO;S;-4;
1267-6;N/D;PQ-ALARGUE PROLONGADOR 3MTS HECHO;S;-1;
1268-3;N/D;PQ-ALARGUE PROLONGADOR 5MTS HECHO;S;18;
1270-6;N/D;PQ-ALMA DOBLE ROSCA 1/2;S;31;
1271-3;N/D;PQ-ALMA DOBLE ROSCA 3/4;S;23;
1272-0;N/D;PQ-BARAJA ESPANOL 8.5X12,30M;S;9;
1273-7;N/D;"PQ-BISAGRA REFORZADA ""2""";S;44;
1274-4;N/D;"PQ-BISAGRA REFORZADA ""3""";S;42;
1275-1;N/D;PQ-BISAGRA REFORZADA 1.1/2;S;6;
2035-0;N/D;PQ-BOMBILLA CROMO LISA 14CM;S;14;
1276-8;N/D;PQ-BOMBILLA LISA INOX C04 19CM;S;14;
1279-9;N/D;PQ-CABLE DE ALIMENTACION;S;71;
1280-5;N/D;PQ-CANDADO HONG/SAFAR.25MM;S;37;
1281-2;N/D;PQ-CANDADO HONG/SAFAR.30MM;S;24;
1282-9;N/D;PQ-CANDADO HONG/SAFAR.40MM;S;10;
286-8;N/D;PQ-CANDADO HONG/SAFAR.50MM;S;-3;
1283-6;N/D;PQ-CANILLA PLAST. 3/4 10CM BLANCA;S;74;
1284-3;N/D;PQ-CANILLA PLAST. LAVATORIO 3/4 BLANCA;S;;
1285-0;N/D;PQ-CANILLA PLASTICA 1/2 NEGRA;S;55;
1286-7;N/D;PQ-CANILLA PLASTICA 3/4 NEGRA;S;1;
1287-4;N/D;PQ-CAPA P/LLUVIA ADULTO COL. C/BOTON;S;-14;
1289-8;N/D;PQ-CAPA SACO P/LLUVIA;S;23;
1295-9;N/D;PQ-CINTA AISLANTE 18MMX5MTS TIGRE;S;;
1296-6;N/D;PQ-CINTA MTRICA P/COSER 150CM;S;;
1297-3;N/D;PQ-CINTA TEFLON 12X10M;S;49;
1298-0;N/D;PQ-CINTA TEFLON 12X10M VIQUA;S;9;
1299-7;N/D;PQ-CLAVO C/CABEZA 12X12 C/100G (HECHO)##;S;225;
1300-0;N/D;PQ-CLAVO C/CABEZA 15X15 C/100G (HECHO)##;S;;
1301-7;N/D;PQ-CLAVO C/CABEZA 17X21 C/100G (HECHO)##;S;7;
1302-4;N/D;PQ-COLA ALMASUPER 20G;S;9;
1303-1;N/D;PQ-COLA CANO PVC 17G PISAFIX/FIRMEX;S;44;
1304-8;N/D;PQ-COLA CANO PVC 17G TIGRE;S;49;
1305-5;N/D;PQ-COLADOR PLASTICO 7CM;S;25;
1307-9;N/D;PQ-CONECTOR TIRABORMERA 4MMX12 1PZ ##;S;;
1308-6;N/D;PQ-CONEXION FLEXIBLE PLASTICA 40CM;S;10;
1309-3;N/D;PQ-CORTA U¥AS;S;-6;
1310-9;N/D;PQ-CUBRE TOMA RONDA;S;-5;
1346-8;N/D;PQ-DESTORNILLADOR BUSCAPOLO ECON.;S;32;
1312-3;N/D;PQ-DISCO CORTE A€O STANDARD 115X1.0X22.23MM;S;68;
1315-4;N/D;PQ-FICHA ADAPTADOR BOB ESPONJA 10A/20A;S;34;
1316-1;N/D;PQ-FICHA ADAPTADOR MULTIPLE 10A;S;3;
1317-8;N/D;PQ-FICHA ADAPTADOR TRIPLE COLORIDO 10/20A;S;33;
1318-5;N/D;PQ-FICHA ADAPTADORA NORMA ARGENTINA 2A3;S;8;
1319-2;N/D;PQ-FICHA ADAPTARORA UNIVERSAL DE VIAJEN;S;3;
1320-8;N/D;PQ-FICHA ENCHUFE HEMBRA 10A;S;62;
1321-5;N/D;PQ-FICHA ENCHUFE MACHO 10A;S;16;
1322-2;N/D;PQ-GANCHO PLASTICO /GOGADOR;S;16;
1323-9;N/D;PQ-GOMA DE EQUIPAJE;S;23;
1324-6;N/D;PQ-GOMA ELASTICA P/ROPA BL.8MM 2MTS;S;9;
1326-0;N/D;PQ-GOMA PARA CABELLO /AGOGO 6PZ;S;79;
1327-7;N/D;PQ-GORRO PLASTICO 60x1;S;20;
1329-1;N/D;PQ-GRAMPA CABLE COAXIAL 8MM 25PZ ##;S;43;
1328-4;N/D;PQ-GRAMPA CABLE CORDON 8MM 25PZ ##;S;21;
1330-7;N/D;PQ-GUANTE ALGODàN P/TRABAJO;S;8;
1331-4;N/D;PQ-GUANTES GOMA P/TRABAJO;S;-52;
1332-1;N/D;PQ-HILO DE COSER;S;;
1333-8;N/D;PQ-JABONERA 72x1;S;26;
1334-5;N/D;PQ-KIT ADAPTADOR P/MANGUERA;S;7;
1335-2;N/D;PQ-KIT AGUJA COSER;S;258;
1337-6;N/D;"PQ-KIT PITON ""L"" C/BUJA 8 (5.0X60) 2PZ";S;83;
1339-0;N/D;PQ-KIT PITON ABIERTO 16CH P/REDE C/BUJA 12 2PZ;S;7;
1338-3;N/D;PQ-KIT PITON ABIERTO C/BUJA 8 (4.4X67) 2PZ;S;148;
1340-6;N/D;PQ-KIT PITON CERRADO C/BUJA 10 (5.5X67) 2PZ;S;101;
1341-3;N/D;PQ-KIT TORNILLO CHIPB. C/CHATA 4.0X40 C/BUJA 6M 6PZ;S;5;
1342-0;N/D;PQ-KIT TORNILLO CHIPB. C/CHATA 5.0X45 C/BUJA 8;S;30;
1343-7;N/D;PQ-KIT TORNILLO CHIPB. C/CHATA 6.0X50 C/BUJA 10;S;36;
1344-4;N/D;PQ-LIJA P/PIES PIEDRA;S;;
1347-5;N/D;PQ-LLAVE EXTERNO 1 PONTO CREMA;S;30;
1348-2;N/D;PQ-LLAVE VALVE PLASTICA 25MM;S;;
1349-9;N/D;PQ-PASSADOR MARIPOZA 1.1/2 *;S;;
1350-5;N/D;PQ-PEINE DE BOLSILLO COLOR 2PZ;S;27;
1351-2;N/D;PQ-PEINE DOBLABLE;S;;
1352-9;N/D;PQ-PEINE FINO;S;-3;
1353-6;N/D;PQ-PELADOR DE PAPAS;S;;
1354-3;N/D;PQ-PICO CIEGO BELGE;S;31;
1355-0;N/D;PQ-PICO LLAVE PUNTO SIMPLES;S;34;
1356-7;N/D;PQ-PICO TOMA COMPUTADORA 15A;S;22;
1357-4;N/D;PQ-PICO TOMA SIMPLES BLANCO 15A;S;-15;
1358-1;N/D;PQ-PINZA P/CEJAS COLORIDA;S;47;
1359-8;N/D;PQ-PINZA P/CEJAS METAL;S;22;
1360-4;N/D;PQ-PINZA PARA PELO /PIRANA;S;61;
1361-1;N/D;PQ-PINZAS MADERA P/ROPA 12PC ##;S;12;
1362-8;N/D;PQ-PIOLOIN NYLON P/TENDEDERO 15MT;S;34;
1363-5;N/D;PQ-PITON ABIERTO GALV. P/BUJA 6 5PZ;S;51;
1364-2;N/D;PQ-PITON ABIERTO GALV. P/BUJA 8 4PZ;S;59;
1365-9;N/D;PQ-PLACA TRES MàDULO 12X8 BLANCO;S;13;
1239-3;N/D;PQ-PLOMADA P/PESCA OLIVA NO.02 100GR##;S;14;
1240-9;N/D;PQ-PLOMADA P/PESCA OLIVA NO.03 100GR##;S;15;
1241-6;N/D;PQ-PLOMADA P/PESCA REDONDA NO.02 100GR##;S;9;
1242-3;N/D;PQ-PLOMADA P/PESCA REDONDA NO.03 100GR##;S;;
1243-0;N/D;PQ-PLOMADA P/PESCA REDONDA NO.05 100GR##;S;16;
1244-7;N/D;PQ-PLOMADA P/PESCA REDONDA NO.07 100GR##;S;21;
1366-6;N/D;PQ-PORTA FOCO BASE DISCO LUXEP;S;;
1367-3;N/D;PQ-PORTA FOCO DE CERAMICA;S;71;
1368-0;N/D;PQ-PORTA FOCO SIMPLES NEGRO;S;21;
1369-7;N/D;PQ-REDE 35X35CM P/CASCO;S;44;
1370-3;N/D;PQ-REDUTOR COTO SOLDABLE 25X20MM;S;26;
1371-0;N/D;PQ-REJILLA 10X10 CUADRADO BLANCO;S;107;
1372-7;N/D;PQ-SONBRINHA COLORIDA (JC403) (JC307);S;8;
1374-1;N/D;PQ-TAPON HEMBRA SOLDABLE 20MM;S;22;
1375-8;N/D;PQ-TAPON HEMBRA SOLDABLE 25MM;S;2;
1376-5;N/D;PQ-TAPON MACHO ROSCABLE 20MM;S;37;
1377-2;N/D;PQ-TAPON MACHO ROSCABLE 25MM;S;27;
1378-9;N/D;PQ-TAPON PLASTICO P/PILETA 25MM;S;14;
1379-6;N/D;PQ-TAPON PLASTICO P/PILETA 40MM;S;;
1380-2;N/D;PQ-TARUGO 6MM 12pz;S;29;
1381-9;N/D;PQ-TARUGO 8MM 8pz;S;37;
1382-6;N/D;PQ-TARUGO 10MM C/TOP 4pz;S;-6;
1383-3;N/D;PQ-TEJERA MANICURE 40X80;S;22;
1384-0;N/D;PQ-TIJERA P/TELA PQ.;S;13;
1386-4;N/D;PQ-TOMA SIMPLES EXTERNA CREMA 15A;S;8;
1387-1;N/D;PQ-TORNILLO AUTOPERFURANTE 4.2X13 10pz;S;48;
1388-8;N/D;PQ-TORNILLO AUTOPERFURANTE 4.2X18 10PZ;S;481;
1389-5;N/D;PQ-TORNILLO AUTOPERFURANTE 4.2X25 10pz;S;26;
1390-1;N/D;PQ-TORNILLO CHIPBOARD CAB. CHATA 4.0X16 30pz;S;264;
1391-8;N/D;PQ-TORNILLO CHIPBOARD CAB. CHATA 4.0X25 20pz;S;26;
1392-5;N/D;PQ-TORNILLO CHIPBOARD CAB. CHATA 4.0X40 12pz;S;34;
1393-2;N/D;PQ-TORNILLO CHIPBOARD CAB. CHATA 5.0X45 10pz;S;32;
1394-9;N/D;PQ-TORNILLO CHIPBOARD CAB. CHATA 6.0X50 4pz;S;42;
1402-1;N/D;"PQ-UNION ""T"" SOLDABLE 20MM";S;2;
1403-8;N/D;"PQ-UNION ""T"" SOLDABLE 25MM";S;4;
1404-5;N/D;PQ-UNION CODO SOLDABLE 90ø 20MM TIGRE;S;10;
1405-2;N/D;PQ-UNION CODO SOLDABLE 90ø 25MM TIGRE;S;9;
1406-9;N/D;PQ-UNION LISA SOLDABLE 20MM;S;50;
1407-6;N/D;PQ-UNION LISA SOLDABLE 25MM;S;44;
1408-3;N/D;PQ-VALVULA P/GAS 13KG C/MANGUERA;S;2;
1409-0;N/D;PRECINTA 7,2X200MM 50UN.;S;3;
2021-3;N/D;PRENDEDOR 43MM 100PZ;S;10;
2062-6;N/D;PROJETOR MINI LED HD MULTIMEDIA;S;3;
1929-3;N/D;PUNTA DOBLE DEST. P/TALADRO 10PZ (TL38022);S;24;
1930-9;N/D;RASTRILLO DE HIERRO 33X9CM S/MANGO (TL44263);S;23;
1439-7;N/D;REDUTOR COTO SOLDABLE 25X20MM;S;85;
1441-0;N/D;REGADERA PLAST. 10LTS ROJO METASUL;S;12;
1442-7;N/D;REGADERA PLAST. 5LTS NEGRO METASUL;S;3;
1443-4;N/D;REJILLA 10X10 CUADRADO BLANCO;S;10;
1444-1;N/D;REJILLA 10X10 REDONDA CROMADA CARDINAL;S;40;
1455-7;N/D;REMACHADORA 4 BOCAS ECON.;S;4;
1454-0;N/D;REMACHADORA 4 BOCAS FAMASTIL;S;4;
1949-1;N/D;REMACHE POP ALUMINIO 3,2X16 50PZ;S;25;
1950-7;N/D;REMACHE POP ALUMINIO 4,0X19 50PZ;S;10;
1951-4;N/D;REMACHE POP ALUMINIO 4,8X19 50PZ;S;37;
1457-1;N/D;REMACHE POP ALUMINIO 4,8X25 50PZ;S;12;
1459-5;N/D;REMACHE POP ALUMINIO 6.0X16 50PZ;S;20;
1465-6;N/D;RESISTENCIA D/CORONA COMUN T/C 4400W-220V;S;3;
2091-6;N/D;RESISTENCIA D/CORONA T/C 5400W-220V PRATIMIX;S;24;
2099-2;N/D;RESISTENCIA D/LORENZETTI TIPO L 5500W-220V PRATIMIX;S;8;
1463-2;N/D;RESISTENCIA DUCHA ASTRA 5500W 220V;S;90;
1468-7;N/D;RESISTENCIA DUCHA FORUSSI STILLO 544W-220V;S;60;
1464-9;N/D;RESISTENCIA DUCHA LORENZ.TIP L 3000/4400W-220V WR;S;22;
1467-0;N/D;RESISTENCIA DUCHA LORENZETTI 5.500W LOREN ULTRA;S;12;
1462-5;N/D;RESISTENCIA DUCHA LORENZETTI 6400W ADVANCED/TOPJET;S;3;
2033-6;N/D;RESISTENCIA DUCHA LORENZETTI TIPO L 5500W-220V ORIGINAL;S;;
1469-4;N/D;RODILLO DE LANA ANTI GOTAS 23CM S/MANGO COMPEL;S;37;
1470-0;N/D;RODILLO DE LANA CARNEIRO S/MANGO 23CM COMPEL;S;21;
1471-7;N/D;RODILLO ESPUMA 05CM LUXEP;S;34;
1472-4;N/D;RODILLO ESPUMA 05CM TIGRE;S;16;
1473-1;N/D;RODILLO ESPUMA 09CM LUXEP;S;18;
1474-8;N/D;RODILLO ESPUMA 09CM TIGRE;S;21;
1475-5;N/D;RODILLO ESPUMA 15CM TIGRE;S;29;
1476-2;N/D;RODILLO LANA 15CM TIGRE;S;20;
1477-9;N/D;RODILLO LANA 23CM ANT.C/MANGO TIGRE 1376-230;S;4;
1478-6;N/D;RODILLO LANA 9CM TIGRE;S;22;
1479-3;N/D;RODILLO LANA ANTIGOTAS 23CM C/MANGO LUXEP;S;4;
1481-6;N/D;RUEDA C/BASE GRAND. P/MUEBLE 50MM/40KG;S;;
1486-1;N/D;RUEDA C/BASE PEQ. P/MUEBLE;S;34;
1487-8;N/D;SALERO PLASTICO DE MESA;S;70;
1863-0;N/D;SEMILLA PEPINO SACHE 5G;S;28;
1864-7;N/D;SEMILLA TOMATE SACHE 5G;S;28;
1849-4;N/D;SERRUCHO 22P PARABONI MANGO MADERA;S;3;
1507-3;N/D;SIFON CONJUGANDO COMUM BLANCO GRAP;S;29;
1509-7;N/D;SIFON CORRUGADO DOBLE;S;13;
1513-4;N/D;SILICONA BARRA FINA;S;20;
1514-1;N/D;SILICONA BARRA GROSA;S;-6;
1515-8;N/D;SILICONA GRUESA P/PISTOLA;S;138;
1520-2;N/D;SINO METAL SIMPLES P/ PESCA;S;-2;
1521-9;N/D;SODA CAUSTICA CRISTALIZADA YASY 1KL;S;101;
1522-6;N/D;SODA CAUSTICA CRISTALIZADA YASY 500GR;S;30;
1525-7;N/D;SOLDADOR MANGO MADERA 220V-40W;S;6;
1528-8;N/D;SONBRINHA COLORIDA (JC403)/(JC307) X3;S;;
1543-1;N/D;SOPORTE MOVIL UNIVERSAL P/TV;S;2;
1794-7;N/D;TAPOM DESAGUE HEMBRA 100MM TIGRE 1008*20;S;3;
1562-2;N/D;TAPON HEMBRA SOLDABLE 20MM;S;65;
1563-9;N/D;TAPON HEMBRA SOLDABLE 25MM;S;163;
1992-7;N/D;TAPON HEMBRA SOLDABLE 32MM TIGRE (22080326)*30;S;14;
1993-4;N/D;TAPON HEMBRA SOLDABLE 40MM TIGRE (22080407)*20;S;14;
1564-6;N/D;TAPON MACHO ROSCABLE 20MM;S;115;
1565-3;N/D;TAPON MACHO ROSCABLE 25MM;S;73;
1566-0;N/D;TAPON PLASTICO P/PILETA 25MM;S;73;
1567-7;N/D;TAPON PLASTICO P/PILETA 40MM;S;138;
2095-4;N/D;TARUGO PALSTICO 6MM C/TOP *1000;S;3000;
1570-7;N/D;TARUGO PALSTICO 8MM *1000;S;8823;
2096-1;N/D;TARUGO PALSTICO 8MM C/TOP *1000;S;3000;
2098-5;N/D;TARUGO PLASTICO 10MM *500;S;2000;
1571-4;N/D;TARUGO PLASTICO 10MM C/TOP *500;S;3500;
1572-1;N/D;TARUGO PLASTICO 12MM *250;S;5230;
2097-8;N/D;TARUGO PLASTICO 12MM C/TOP *250;S;2000;
1569-1;N/D;TARUGO PLASTICO 6MM *1000;S;8450;
1921-7;N/D;TAZA PORCELANA 7.5X8 (4545);S;61;
1919-4;N/D;TAZA PORCELANA 8.5X10 (3585);S;65;
1909-5;N/D;TAZA PORCELANA 8.5X9 (3570);S;2;
1910-1;N/D;TAZA PORCELANA 8.5X9 ALTA (3571);S;3;
1716-9;N/D;TE DESAGUE 50MM TIGRE;S;11;
1717-6;N/D;TE LR SOLD. C/ROSCA 20MMX1/2 TIGRE (35488359)*20;S;3;
1718-3;N/D;TE LR SOLD. C/ROSCA 25MMX3/4 TIGRE (35488375)*20;S;11;
1719-0;N/D;TE LR SOLD. C/ROSCA 32MMX3/4 TIGRE (35508384)*15;S;20;
1672-8;N/D;TE SOLDABLE 20MM TIGRE (22200208)*50;S;13;
1673-5;N/D;TE SOLDABLE 25MM TIGRE (22200259)*50;S;144;
1715-2;N/D;TE SOLDABLE 40MM;S;16;
1991-0;N/D;TE SOLDABLE 50MM TIGRE (22200500)*50;S;20;
1573-8;N/D;TEJERA MANICURE 40X80;S;36;
2064-0;N/D;TELA SONBRITE NEGRA 50% 4.20X100MTS;S;1;
1575-2;N/D;"TENAZA CARP. 10"" TRAMONTINA";S;4;
1844-9;N/D;TERMO 2,5LT ATACAMA VERDE;S;6;
1581-3;N/D;TERMO 2.5L AMARILLO;S;4;
1871-5;N/D;TERMO 2.5L CUERINA;S;4;
1582-0;N/D;TERMO 500ML C/TAZA;S;1;
1912-5;N/D;TERMO CRISTAL AZUL 1LT C/PICO (2566);S;7;
2048-0;N/D;TERMO CRISTAL AZUL 1LT C/ROSCA(4835);S;4;
1913-2;N/D;TERMO CRISTAL FENDI 1LT C/PICO (18771);S;2;
2002-2;N/D;TERMO CRISTAL NEGRO 1LT C/ROSCA(3499);S;4;
1891-3;N/D;TERMO CRISTAL ROJO 1LT C/PICO (2567);S;16;
2001-5;N/D;TERMO CRISTAL ROJO 1LT C/ROSCA(3501);S;6;
1584-4;N/D;TERMO OASIS 5 LT AZUL;S;11;
1585-1;N/D;TERMO OASIS 5 LT ROJO;S;22;
1824-1;N/D;TERMOMETRO DIGITAL ECON;S;3;
1586-8;N/D;TERMOMETRO ECOPOWER;S;3;
1594-3;N/D;TIJERA P/TELA PQ.;S;34;
1601-8;N/D;TOMA MULTIPLE 5 TOMA P/ALARGUE LUXEP;S;53;
1602-5;N/D;TOMA SIMPLES EXTERNA CREMA 15A;S;164;
1822-7;N/D;TORNILLO C/ TERUGO 6MM ECOM 50PZ;S;6;
1821-0;N/D;TORNILLO C/ TERUGO 8MM ECOM 50PZ;S;6;
1635-3;N/D;TORNILLO AUTOPERF.P/AGUJA C/FLAN.4.2X13 (123333);S;900;
1636-0;N/D;TORNILLO AUTOPERF.P/AGUJA C/FLAN.4.2X19 (1715);S;500;
1613-1;N/D;TORNILLO AUTOPERF.P/AGUJA C/FLAN.4.2X25 (1716);S;500;
2061-9;N/D;TORNILLO AUTOPERF.P/AGUJA C/HEX.12X1 C/ARANDELA;S;700;
1603-2;N/D;TORNILLO AUTOPERF.P/AGUJA C/HEX.12X1.1/2 C/ARANDELA (123359);S;951;
1604-9;N/D;TORNILLO AUTOPERF.P/AGUJA C/HEX.12X2 C/ARANDELA (1875);S;650;
1605-6;N/D;TORNILLO AUTOPERF.P/AGUJA C/HEX.12X3 C/ARANDELA (0058);S;1000;
1610-0;N/D;TORNILLO AUTOPERF.P/BROCA C/FLAN.4.2X13 (9109);S;500;
1611-7;N/D;TORNILLO AUTOPERF.P/BROCA C/FLAN.4.2X19 (9110);S;900;
1612-4;N/D;TORNILLO AUTOPERF.P/BROCA C/FLAN.4.2X25 (9111);S;500;
1606-3;N/D;TORNILLO AUTOPERF.P/BROCA C/HEX.12X1 C/ARANDELA (998207);S;1700;
1607-0;N/D;TORNILLO AUTOPERF.P/BROCA C/HEX.12X1.1/2 C/ARANDELA (998208);S;2500;
2058-9;N/D;TORNILLO AUTOPERF.P/BROCA C/HEX.12X2 C/ARANDELA (998209);S;500;
2059-6;N/D;TORNILLO AUTOPERF.P/BROCA C/HEX.12X2.1/2 C/ARANDELA (1721);S;600;
2060-2;N/D;TORNILLO AUTOPERF.P/BROCA C/HEX.12X3 C/ARANDELA (1722);S;500;
1608-7;N/D;TORNILLO AUTOPERF.P/BROCA C/HEX.12X3/4 C/ARANDELA (998206);S;600;
1614-8;N/D;TORNILLO AUTOPERFURANTE C/ALAS 4.2X25;S;400;
1615-5;N/D;TORNILLO AUTOPERFURANTE C/ALAS 4.2X32;S;376;
1616-2;N/D;TORNILLO AUTOPERFURANTE C/ALAS 5.5X45;S;376;
1617-9;N/D;TORNILLO BULON C/FRAN. 1/4X2.1/2 C/TUERCA;S;433;
2057-2;N/D;TORNILLO BULON C/FRAN. 1/4X2.1/4 C/TUERCA;S;180;
1618-6;N/D;TORNILLO BULON C/FRAN. 1/4X3.1/2 C/TUERCA;S;195;
1619-3;N/D;TORNILLO BULON C/FRAN. 1/4X4.1/2 C/TUERCA;S;295;
2063-3;N/D;TORNILLO BULON C/FRAN. 3/8X12 C/TUERCA (0058);S;24;
1622-3;N/D;TORNILLO BULON SX MA 8.8 OX M12X100;S;20;
1623-0;N/D;TORNILLO BULON SX MA 8.8 OX M12X150;S;20;
1624-7;N/D;TORNILLO BULON SX MA 8.8 OX M12X170;S;19;
1625-4;N/D;TORNILLO CHIPBOARD CAB, CHATA 4.0X35;S;300;
1626-1;N/D;TORNILLO CHIPBOARD CAB. CHATA 4.0X16;S;748;
1627-8;N/D;TORNILLO CHIPBOARD CAB. CHATA 4.0X20;S;500;
1628-5;N/D;TORNILLO CHIPBOARD CAB. CHATA 4.0X25;S;4794;
1629-2;N/D;TORNILLO CHIPBOARD CAB. CHATA 4.0X30;S;800;
1630-8;N/D;TORNILLO CHIPBOARD CAB. CHATA 4.0X40;S;2012;
1631-5;N/D;TORNILLO CHIPBOARD CAB. CHATA 5.0X35;S;1950;
1632-2;N/D;TORNILLO CHIPBOARD CAB. CHATA 5.0X45;S;825;
1633-9;N/D;TORNILLO CHIPBOARD CAB. CHATA 6.0X50;S;325;
1634-6;N/D;TORNILLO CHIPBOARD CAB. CHATA 6.0X60;S;1000;
1637-7;N/D;TORNILLO TIRAFONDO CAB. HEX. 1/4X40;S;445;
1638-4;N/D;TORNILLO TIRAFONDO CAB. HEX. 1/4X60;S;279;
1639-1;N/D;TORNILLO TIRAFONDO CAB. HEX. 1/4X80;S;114;
1640-7;N/D;TORNILLO TIRAFONDO CAB. HEX. 3/8X40;S;128;
1641-4;N/D;TORNILLO TIRAFONDO CAB. HEX. 3/8X60;S;161;
1642-1;N/D;TORNILLO TIRAFONDO CAB. HEX. 3/8X80;S;202;
1643-8;N/D;TORNILLO TIRAFONDO CAB. HEX. 5/16X50;S;305;
2072-5;N/D;"TORNILLO TIRAFONDO CHIN. 1/4X50CMM 2""";S;100;
2073-2;N/D;"TORNILLO TIRAFONDO CHIN. 1/4X65CMM 2.1/2""";S;100;
2074-9;N/D;"TORNILLO TIRAFONDO CHIN. 3/8X50CMM 2""";S;100;
2075-6;N/D;"TORNILLO TIRAFONDO CHIN. 3/8X65CMM 2.1/2""";S;100;
2076-3;N/D;"TORNILLO TIRAFONDO CHIN. 5/16X50CMM 2""";S;100;
2077-0;N/D;"TORNILLO TIRAFONDO CHIN. 5/16X65CM 2.1/2""";S;100;
1644-5;N/D;TRAMPA ADHESIVO P/INSECTOS;S;121;
1645-2;N/D;TRAMPA ADHESIVO P/RATON;S;98;
1646-9;N/D;TRAMPA METAL P/RATON GRAND.;S;34;
1648-3;N/D;TRAPO FRANELA LARANJA 36X37,5CM;S;62;
1650-6;N/D;TRAPO P/PISO 45X70;S;35;
1651-3;N/D;TRAPO P/PISO 60X90;S;5;
1652-0;N/D;TRAPO REJILLA BLANCA 38X45CM;S;22;
1661-2;N/D;TUBO DESAGUE PVC BL. 50MMX6MTS;S;1;
1662-9;N/D;TUBO FUSIàN PPR VER. 20MMX4M;S;2;
1663-6;N/D;TUBO FUSIàN PPR VER. 25MMX4M;S;2;
1664-3;N/D;TUBO FUSIàN PPR VER. 32MMX4M;S;3;
1665-0;N/D;TUBO SOLDABLE PVC MR. 20MMX1MM 6MTS;S;1;
1669-8;N/D;TUERCA HEX 8 MA M12X1.75X19;S;60;
1963-7;N/D;UNION DESAGUE 40MM TIGRE(27580408)*20;S;12;
1795-4;N/D;UNION DOBLE SOLDABLE 20MM TIRE (22220209)*10;S;200;
1796-1;N/D;UNION DOBLE SOLDABLE 25MM TIGRE (22220250)*10;S;39;
1702-2;N/D;UNION DOBLE SOLDABLE 40MM TIGRE;S;11;
1698-8;N/D;UNION LR SOLD. C/ROSCA 20MMX1/2 TIGRE (35447748)*25;S;92;
1699-5;N/D;UNION LR SOLD. C/ROSCA 25MMX1/2 TIGRE (35467823)*30;S;86;
1894-4;N/D;UNION LR SOLD. C/ROSCA 25MMX3/4 TIGRE (35447830)*30;S;99;
1895-1;N/D;UNION RED. SOLDABLE 25X20MM TIGRE (22186663)*30;S;110;
2083-1;N/D;UNION RED. SOLDABLE 40X20MM TIGRE *20;S;;
1964-4;N/D;UNION RED. SOLDABLE 50X40MM TIGRE(27396925)*20;S;18;
1700-8;N/D;UNION SENCILLA SOLDABLE 20MM TIGRE (22170201)*50;S;-1;
1701-5;N/D;UNION SENCILLA SOLDABLE 25MM TIGRE (22170252)*50;S;20;
1982-8;N/D;UNION SENCILLA SOLDABLE 32MM TIGRE(22170325)*40;S;75;
2084-8;N/D;UNION SENCILLA SOLDABLE 60MM TIGRE *12;S;24;
2085-5;N/D;UNION SENCILLA SOLDABLE 85MM TIGRE *6;S;10;
1728-2;N/D;VALVULA P/COCHE S/CAM. TR-413;S;11;
1729-9;N/D;VALVULA P/COCHE S/CAM. TR-413 CROMADO;S;40;
1730-5;N/D;VALVULA P/COCHE S/CAM. TR-414;S;-2;
1731-2;N/D;VALVULA P/COCHE S/CAM. TR-414 CROMADO;S;10;
1732-9;N/D;VALVULA P/COCHE S/CAM. TR-415;S;14;
1733-6;N/D;VALVULA P/COCHE S/CAM. TR-425;S;14;
1734-3;N/D;VALVULA P/GAS 13KG C/MANGUERA;S;138;
1735-0;N/D;VALVULA P/MOTO S/CAM. TR-412;S;29;
1736-7;N/D;VALVULA P/MOTO S/CAM. TR-416A;S;10;
1848-7;N/D;VALVULA REGULADORA P/GAS COCINA P13XBM5/16;S;89;
1889-0;N/D;VASO BR COLORIDO 420ML (850);S;;
1888-3;N/D;VASO BR COLORIDO TEXTURIZADO (853);S;58;
1744-2;N/D;VASO DE ACERO INOXIDABLE 360ML;S;1;
1745-9;N/D;VASO TERMICO SPEAKER 600ML;S;1;
1838-8;N/D;VASO TERMO CHOPERA EPG121;S;1;
1766-4;N/D;"VENTILADOR 16"" 45W/220V";S;1;
1771-8;N/D;"VENTILADOR DE MESA RECARGABLE 6"" 2400MAH";S;1;
1832-6;N/D;VIANDA CON DIVISION AZUL;S;4;
1828-9;N/D;VIANDA CON DIVISION CREMA;S;2;
1830-2;N/D;VIANDA CON DIVISION ROJO;S;2;
1827-2;N/D;VIANDA SIMPLES AZUL;S;3;
1831-9;N/D;VIANDA SIMPLES ROJO;S;1;
